Name,Price,Image
 Bioiberica Condroprotector Force HA Gatos - 45 Comprimidos,23.95 €,https://www.petsonic.com/16820-medium_default/bioiberica-condroprotector-cosequin-para-gatos.jpg
 Taber Malta - 100 Gr.,7.48 €,https://www.petsonic.com/8366-medium_default/taber-gat-malta-para-gatos.jpg
 virbac Allerdem Pipetas Dermatologicas - 6 Pipetas - 2 ml,18.74 €,https://www.petsonic.com/14204-medium_default/virbac-allerdem-pipetas-dermatologicas-para-perros-gatos.jpg
 virbac Allerdem Pipetas Dermatologicas - 6 Pipetas - 4 ml,23.42 €,https://www.petsonic.com/14204-medium_default/virbac-allerdem-pipetas-dermatologicas-para-perros-gatos.jpg
 Bioiberica Impromune - 20 Comprimidos,23.95 €,https://www.petsonic.com/28805-medium_default/bioiberica-impromune-para-perros-gatos.jpg
 Bioiberica Impromune - 40 Comprimidos,31.50 €,https://www.petsonic.com/28805-medium_default/bioiberica-impromune-para-perros-gatos.jpg
 Bioiberica Impromune - 200 Comprimidos,119.95 €,https://www.petsonic.com/28805-medium_default/bioiberica-impromune-para-perros-gatos.jpg
 Zoetis Redomin Calcio para Perro y/o Gatos - 30,13.34 €,https://www.petsonic.com/11795-medium_default/pfizer-redomin-calcio-para-perro-yo-gatos.jpg
 Bioiberica Entero-Chronic - 30 Unidades.,19.95 €,https://www.petsonic.com/3948-medium_default/bioiberica-entero-chronic-para-gatos.jpg
 Bioiberica Entero-Chronic - 60 Unidades.,31.96 €,https://www.petsonic.com/3948-medium_default/bioiberica-entero-chronic-para-gatos.jpg
 Vetnova Adiva Entero -7.5 para Perro y/o Gato - 53 Gr.,19.50 €,https://www.petsonic.com/16822-medium_default/vetnova-adiva-entero-75-para-perro-yo-gato.jpg
 Vetnova Dialix R para Gato - 120 Comprimidos,35.95 €,https://www.petsonic.com/11854-medium_default/vetnova-dialix-r-para-gato.jpg
 Vetoquinol Zylkene 30 Cápsulas - 75 mg,12.56 €,https://www.petsonic.com/8371-medium_default/vetoquinol-zylkene-30-capsulas-para-perros-gatos.jpg
 virbac Nutribound para Gato 3x150ml - 0.150 L,24.25 €,https://www.petsonic.com/28937-medium_default/virbac-nutribound-3x150ml-para-gatos.jpghttps://www.petsonic.com/16824-medium_default/virbac-nutribound-3x150ml-para-gatos.jpg
 Vetoquinol Zylkene 30 Cápsulas - 225 mg,20.66 €,https://www.petsonic.com/8371-medium_default/vetoquinol-zylkene-30-capsulas-para-perros-gatos.jpg
 Vetoquinol Zylkene 30 Cápsulas - 450 mg,43.17 €,https://www.petsonic.com/8371-medium_default/vetoquinol-zylkene-30-capsulas-para-perros-gatos.jpg
 Menforsan Suplemento nutricional alergias perros y gatos - 120 ml,12.38 €,https://www.petsonic.com/28224-medium_default/menforsan-suplemento-nutricional-alergias-perros-y-gatos.jpg
 Stangest Leche en Polvo Milkcan para Perro Y Gato - 250 Gr.,8.63 €,https://www.petsonic.com/28845-medium_default/leche-polvo-milkcan-para-perro-gato.jpghttps://www.petsonic.com/28846-medium_default/leche-polvo-milkcan-para-perro-gato.jpghttps://www.petsonic.com/28847-medium_default/leche-polvo-milkcan-para-perro-gato.jpghttps://www.petsonic.com/28848-medium_default/leche-polvo-milkcan-para-perro-gato.jpghttps://www.petsonic.com/28849-medium_default/leche-polvo-milkcan-para-perro-gato.jpghttps://www.petsonic.com/28850-medium_default/leche-polvo-milkcan-para-perro-gato.jpg
 Stangest Leche en Polvo Milkcan para Perro Y Gato - 400 gr + Biberón,14.50 €,https://www.petsonic.com/28845-medium_default/leche-polvo-milkcan-para-perro-gato.jpghttps://www.petsonic.com/28846-medium_default/leche-polvo-milkcan-para-perro-gato.jpghttps://www.petsonic.com/28847-medium_default/leche-polvo-milkcan-para-perro-gato.jpghttps://www.petsonic.com/28848-medium_default/leche-polvo-milkcan-para-perro-gato.jpghttps://www.petsonic.com/28849-medium_default/leche-polvo-milkcan-para-perro-gato.jpghttps://www.petsonic.com/28850-medium_default/leche-polvo-milkcan-para-perro-gato.jpg
 Stangest Leche en Polvo Milkcan para Perro Y Gato - 2 Kg.,40.46 €,https://www.petsonic.com/28845-medium_default/leche-polvo-milkcan-para-perro-gato.jpghttps://www.petsonic.com/28846-medium_default/leche-polvo-milkcan-para-perro-gato.jpghttps://www.petsonic.com/28847-medium_default/leche-polvo-milkcan-para-perro-gato.jpghttps://www.petsonic.com/28848-medium_default/leche-polvo-milkcan-para-perro-gato.jpghttps://www.petsonic.com/28849-medium_default/leche-polvo-milkcan-para-perro-gato.jpghttps://www.petsonic.com/28850-medium_default/leche-polvo-milkcan-para-perro-gato.jpg
 Vetnova Adiva Hepátic para Gato - 60 Comprimidos,30.50 €,https://www.petsonic.com/13236-medium_default/adiva-hepatic-para-gato.jpg
 farmadiet Hepatosil Plus para Perro y Gato - 30 Comprimidos,19.27 €,https://www.petsonic.com/15038-medium_default/hepatosil-plus-para-perro-gato.jpg
 farmadiet Hepatosil Plus para Perro y Gato - 60 Comprimidos,32.11 €,https://www.petsonic.com/15038-medium_default/hepatosil-plus-para-perro-gato.jpg
 Vetnova Multiva Calming para Gatos y Perros Pequeños - 21 Comprimidos,11.95 €,https://www.petsonic.com/11869-medium_default/vetnoca-multiva-calming-para-gato-y-perros-pequenos.jpg
 Stangest Anima Strath ml para animales de compañia - 30 ml,5.03 €,https://www.petsonic.com/28868-medium_default/stanget-fortificante-natural-para-perro-y-animales-de-compania.jpghttps://www.petsonic.com/28787-medium_default/stanget-fortificante-natural-para-perro-y-animales-de-compania.jpghttps://www.petsonic.com/28788-medium_default/stanget-fortificante-natural-para-perro-y-animales-de-compania.jpghttps://www.petsonic.com/28791-medium_default/stanget-fortificante-natural-para-perro-y-animales-de-compania.jpg
 Stangest Anima Strath ml para animales de compañia - 100ml + Mordedor,11.29 €,https://www.petsonic.com/28868-medium_default/stanget-fortificante-natural-para-perro-y-animales-de-compania.jpghttps://www.petsonic.com/28787-medium_default/stanget-fortificante-natural-para-perro-y-animales-de-compania.jpghttps://www.petsonic.com/28788-medium_default/stanget-fortificante-natural-para-perro-y-animales-de-compania.jpghttps://www.petsonic.com/28791-medium_default/stanget-fortificante-natural-para-perro-y-animales-de-compania.jpg
 Stangest Anima Strath ml para animales de compañia - 250ml + Mordedor,21.24 €,https://www.petsonic.com/28868-medium_default/stanget-fortificante-natural-para-perro-y-animales-de-compania.jpghttps://www.petsonic.com/28787-medium_default/stanget-fortificante-natural-para-perro-y-animales-de-compania.jpghttps://www.petsonic.com/28788-medium_default/stanget-fortificante-natural-para-perro-y-animales-de-compania.jpghttps://www.petsonic.com/28791-medium_default/stanget-fortificante-natural-para-perro-y-animales-de-compania.jpg
 Stangest Anima Strath ml para animales de compañia - 1 L,67.64 €,https://www.petsonic.com/28868-medium_default/stanget-fortificante-natural-para-perro-y-animales-de-compania.jpghttps://www.petsonic.com/28787-medium_default/stanget-fortificante-natural-para-perro-y-animales-de-compania.jpghttps://www.petsonic.com/28788-medium_default/stanget-fortificante-natural-para-perro-y-animales-de-compania.jpghttps://www.petsonic.com/28791-medium_default/stanget-fortificante-natural-para-perro-y-animales-de-compania.jpg
 farmadiet Gel Cicatrizante Aloevet para Perro y Gato - 50 ml,10.02 €,https://www.petsonic.com/24135-medium_default/gel-cicatrizante-aloevet-para-perro-gato.jpghttps://www.petsonic.com/15027-medium_default/gel-cicatrizante-aloevet-para-perro-gato.jpg
 Calier Ácidos Grasos Omegaaid para Perro y Gato - 0.250 L,16.33 €,https://www.petsonic.com/15606-medium_default/acidos-grasos-omegaaid-para-perro-gato.jpg
 farmadiet Hepatosil para Gato y Perro -10kg - 30 Comprimidos,18.20 €,https://www.petsonic.com/24209-medium_default/hepatosil-para-gato-perro-10kg.jpg
 Vetnova Alysia para Gato - 30 Comprimidos,19.95 €,https://www.petsonic.com/13237-medium_default/alisya-para-gato.jpg
 farmadiet Antidiarreico Daforte para Perro y Gato - 20 ml,8.54 €,https://www.petsonic.com/28946-medium_default/antidiarreico-daforte-para-perro-gato.jpghttps://www.petsonic.com/15033-medium_default/antidiarreico-daforte-para-perro-gato.jpg
 farmadiet Antidiarreico Daforte para Perro y Gato - 50 ml,11.73 €,https://www.petsonic.com/28946-medium_default/antidiarreico-daforte-para-perro-gato.jpghttps://www.petsonic.com/15033-medium_default/antidiarreico-daforte-para-perro-gato.jpg
 Vetnova Multiva Calming para Perros Medianos y Grandes - 21 Comprimidos,19.95 €,https://www.petsonic.com/11870-medium_default/vetnova-multiva-calming-para-perros-medianos-y-grandes.jpg
 Stangest Condrocit para Perro y/o Gato - 60 Comprimidos,21.07 €,https://www.petsonic.com/28826-medium_default/stanvet-condrocit-para-perro-yo-gato.jpghttps://www.petsonic.com/28827-medium_default/stanvet-condrocit-para-perro-yo-gato.jpghttps://www.petsonic.com/28828-medium_default/stanvet-condrocit-para-perro-yo-gato.jpg
 Stangest Condrocit para Perro y/o Gato - 120 Comprimidos,32.03 €,https://www.petsonic.com/28826-medium_default/stanvet-condrocit-para-perro-yo-gato.jpghttps://www.petsonic.com/28827-medium_default/stanvet-condrocit-para-perro-yo-gato.jpghttps://www.petsonic.com/28828-medium_default/stanvet-condrocit-para-perro-yo-gato.jpg
 Stangest Biotin B Complex para Perro y Gato - 100 Comprimidos.,12.63 €,https://www.petsonic.com/28774-medium_default/biotin-b-complex-para-perro-gato.jpghttps://www.petsonic.com/28775-medium_default/biotin-b-complex-para-perro-gato.jpghttps://www.petsonic.com/28776-medium_default/biotin-b-complex-para-perro-gato.jpg
 Stangest Biotin B Complex para Perro y Gato - 300 Comprimidos,32.58 €,https://www.petsonic.com/28774-medium_default/biotin-b-complex-para-perro-gato.jpghttps://www.petsonic.com/28775-medium_default/biotin-b-complex-para-perro-gato.jpghttps://www.petsonic.com/28776-medium_default/biotin-b-complex-para-perro-gato.jpg
 Calier Adoderm para Perro y Gato - 25 Unidades,10.75 €,https://www.petsonic.com/14985-medium_default/adoderm-para-perro-gato.jpg
 Vetnova Cutania Zn Spray para Perro y Gato - 59 ml,17.95 €,https://www.petsonic.com/13250-medium_default/cutania-zn-spray-para-perro-gato.jpg
 Vetnova Suplemento Nutricional SUPRA RC-5 para Perro y Gato - 30 Comprimidos,15.95 €,https://www.petsonic.com/14843-medium_default/suplemento-nutricional-supra-rc-5-para-perro-gato.jpg
 Vetnova Cutania Zn Gel para Perro y Gato - 59 ml,17.95 €,https://www.petsonic.com/13251-medium_default/vetnova-cutania-zn-gel-gato-para-perros-gatos.jpg
 Dechra Catmalt para Gato - 50 Gr.,5.64 €,https://www.petsonic.com/15009-medium_default/catmalt-para-gato.jpg
 Vetnova Conecta en Comprimidos para Perro y Gato - 80 Comprimidos,19.95 €,https://www.petsonic.com/16825-medium_default/conecta-comprimidos-para-perro-gato.jpg
 Calier Condroprotector Arthriaid para Perro y Gato - 0.250 L,21.70 €,https://www.petsonic.com/18962-medium_default/condroprotector-arthriaid-para-perro-gato.jpg
 Stangest Espiruvet para Perro y Gato - 250 comprimidos,12.16 €,https://www.petsonic.com/28842-medium_default/espiruvet-para-perro-gato.jpghttps://www.petsonic.com/28843-medium_default/espiruvet-para-perro-gato.jpghttps://www.petsonic.com/28844-medium_default/espiruvet-para-perro-gato.jpg
 Vetnova Cutanina Hair Control Total Care para Perro y Gato - 120 ml,19.95 €,https://www.petsonic.com/13249-medium_default/cutanina-hair-control-total-care-per-cnae-gatto-per-cani-gatti.jpg
 Menforsan Suplemento nutricional sistema inmunológico perros y gatos - 120 ml,12.38 €,https://www.petsonic.com/28226-medium_default/menforsan-suplemento-nutricional-sistema-inmunologico-perros-y-gatos.jpg
 Stangest Espiruvet para Perro y Gato - 750 Comprimidos,31.83 €,https://www.petsonic.com/28842-medium_default/espiruvet-para-perro-gato.jpghttps://www.petsonic.com/28843-medium_default/espiruvet-para-perro-gato.jpghttps://www.petsonic.com/28844-medium_default/espiruvet-para-perro-gato.jpg
 Stangest Artivet Complex para Perro y/o Gato - 60 Comprimidos,26.06 €,https://www.petsonic.com/28766-medium_default/stanvet-artivet-complex-para-perro-yo-gato.jpghttps://www.petsonic.com/28767-medium_default/stanvet-artivet-complex-para-perro-yo-gato.jpghttps://www.petsonic.com/28768-medium_default/stanvet-artivet-complex-para-perro-yo-gato.jpghttps://www.petsonic.com/28769-medium_default/stanvet-artivet-complex-para-perro-yo-gato.jpg
 Stangest Artivet Complex para Perro y/o Gato - 300 Comprimidos,86.89 €,https://www.petsonic.com/28766-medium_default/stanvet-artivet-complex-para-perro-yo-gato.jpghttps://www.petsonic.com/28767-medium_default/stanvet-artivet-complex-para-perro-yo-gato.jpghttps://www.petsonic.com/28768-medium_default/stanvet-artivet-complex-para-perro-yo-gato.jpghttps://www.petsonic.com/28769-medium_default/stanvet-artivet-complex-para-perro-yo-gato.jpg
 farmadiet Dermadual Gel para Gato - 50 ml,8.79 €,https://www.petsonic.com/15035-medium_default/dermadual-para-gato.jpg
 farmadiet Oleoderm Capsulas Dermatologicas para Perro y Gato - 60 Comprimidos,18.11 €,https://www.petsonic.com/15057-medium_default/virbac-oleoderm-pipetas-dermatologicas-para-perros.jpghttps://www.petsonic.com/26369-medium_default/virbac-oleoderm-pipetas-dermatologicas-para-perros.jpg
 Menforsan Suplemento nutricional relajacion perros y gatos - 120 ml,12.38 €,https://www.petsonic.com/28228-medium_default/menforsan-suplemento-nutricional-relajacion-perros-y-gatos.jpg
 farmadiet Oleoderm Capsulas Dermatologicas para Perro y Gato - 360 Comprimidos,94.44 €,https://www.petsonic.com/15057-medium_default/virbac-oleoderm-pipetas-dermatologicas-para-perros.jpghttps://www.petsonic.com/26369-medium_default/virbac-oleoderm-pipetas-dermatologicas-para-perros.jpg
 Bioiberica CALMUROFEL - 30,11.95 €,https://www.petsonic.com/16826-medium_default/bioiberica-calmurofel-para-gatos.jpg
 Bioiberica CALMUROFEL - 120,37.95 €,https://www.petsonic.com/16826-medium_default/bioiberica-calmurofel-para-gatos.jpg
 Vetnova Red Cell Care Liquid Oral para Perro y Gatos - 200 ml,19.95 €,https://www.petsonic.com/15607-medium_default/vetnova-red-cell-care-liquid-oral-para-perro-y-gatos.jpg
 virbac Nutriplus Gel 120gr - 120 gr,14.75 €,https://www.petsonic.com/14231-medium_default/virbac-nutriplus-gel-120gr-para-perros-gatos.jpg
 Purina Veterinary Diets Fortiflora para Gato - 30 Unidades.,24.26 €,https://www.petsonic.com/16829-medium_default/purina-veterinary-diets-fortiflora-para-perros-gatos.jpg
 Brit care aceite de salmon perros y gatos - 250 ml,9.85 €,https://www.petsonic.com/28593-medium_default/brit-care-aceite-de-salmon-perros-y-gatos.jpg
 Brit care aceite de salmon perros y gatos - 1L,17.96 €,https://www.petsonic.com/28593-medium_default/brit-care-aceite-de-salmon-perros-y-gatos.jpg
 Vetnova Multiva Active para Gato - 45 Comprimidos,11.95 €,https://www.petsonic.com/11867-medium_default/vetnova-multiva-active-para-gato.jpg
 Stangest Malta con omega 3-6 y Taurina para Perro y Gato - 100 Gr.,7.29 €,https://www.petsonic.com/28852-medium_default/malta-omega-3-6-taurina-para-perro-gato.jpg
 Stangest Dermovital Omega 3-6-9 para Perro y Gato - 60 ,13.52 €,https://www.petsonic.com/28836-medium_default/dermovital-bote-omega-3-6-9-para-perro.jpghttps://www.petsonic.com/28837-medium_default/dermovital-bote-omega-3-6-9-para-perro.jpghttps://www.petsonic.com/28838-medium_default/dermovital-bote-omega-3-6-9-para-perro.jpghttps://www.petsonic.com/28839-medium_default/dermovital-bote-omega-3-6-9-para-perro.jpg
 Stangest Dermovital Omega 3-6-9 para Perro y Gato - 300,42.48 €,https://www.petsonic.com/28836-medium_default/dermovital-bote-omega-3-6-9-para-perro.jpghttps://www.petsonic.com/28837-medium_default/dermovital-bote-omega-3-6-9-para-perro.jpghttps://www.petsonic.com/28838-medium_default/dermovital-bote-omega-3-6-9-para-perro.jpghttps://www.petsonic.com/28839-medium_default/dermovital-bote-omega-3-6-9-para-perro.jpg
 Stangest CicaVet para Perro y Gato - 0.500 L,16.70 €,https://www.petsonic.com/28779-medium_default/stanvet-cicavet-gato-para-perros-gatos.jpghttps://www.petsonic.com/28780-medium_default/stanvet-cicavet-gato-para-perros-gatos.jpghttps://www.petsonic.com/28781-medium_default/stanvet-cicavet-gato-para-perros-gatos.jpg
 Stangest CicaVet para Perro y Gato - 125 ml,7.93 €,https://www.petsonic.com/28779-medium_default/stanvet-cicavet-gato-para-perros-gatos.jpghttps://www.petsonic.com/28780-medium_default/stanvet-cicavet-gato-para-perros-gatos.jpghttps://www.petsonic.com/28781-medium_default/stanvet-cicavet-gato-para-perros-gatos.jpg
 Stangest Dermovital en Gotas para Perro y Gato - 15 ml,7.25 €,https://www.petsonic.com/28840-medium_default/dermovital-gotas-para-perro-gato.jpg
 Stangest Coprovet para Perros y Gatos - 50 Gr.,9.40 €,https://www.petsonic.com/28853-medium_default/coprovet-para-perros-gatos.jpg
 Dechra Spray Desinfectante Antisept para Perro y Gato - 100 ml,6.04 €,https://www.petsonic.com/15008-medium_default/spray-desinfectante-antisept-para-perro-gato.jpg
 Stangest Dermovital Zinc para Perro y Gato - 60 ,12.63 €,https://www.petsonic.com/28841-medium_default/dermovital-zinc-para-perro-gato.jpg
 Stangest Malta para Perro y Gato - 100 Gr.,7.75 €,https://www.petsonic.com/28851-medium_default/malta-para-perro-gato.jpg
 Menforsan Suplemento nutricional articulaciones perros y gatos - 120 ml,12.38 €,https://www.petsonic.com/28225-medium_default/menforsan-suplemento-nutricional-articulaciones-perros-y-gatos.jpg
 Vetnova Adiva Entero -15 para Perro y/o Gato - 112 Gr,29.50 €,https://www.petsonic.com/11849-medium_default/vetenova-adiva-entero-15-para-perro-yo-gato.jpg
 Stangest Anima Strath comprimidos para Perro y Gato - 120 Comprimidos,24.30 €,https://www.petsonic.com/28782-medium_default/stangest-fortificante-natural-en-bote-para-perro-y-gato.jpghttps://www.petsonic.com/28783-medium_default/stangest-fortificante-natural-en-bote-para-perro-y-gato.jpghttps://www.petsonic.com/28784-medium_default/stangest-fortificante-natural-en-bote-para-perro-y-gato.jpghttps://www.petsonic.com/28785-medium_default/stangest-fortificante-natural-en-bote-para-perro-y-gato.jpghttps://www.petsonic.com/28786-medium_default/stangest-fortificante-natural-en-bote-para-perro-y-gato.jpg
 Stangest Anima Strath comprimidos para Perro y Gato - 240 Comprimidos,40.43 €,https://www.petsonic.com/28782-medium_default/stangest-fortificante-natural-en-bote-para-perro-y-gato.jpghttps://www.petsonic.com/28783-medium_default/stangest-fortificante-natural-en-bote-para-perro-y-gato.jpghttps://www.petsonic.com/28784-medium_default/stangest-fortificante-natural-en-bote-para-perro-y-gato.jpghttps://www.petsonic.com/28785-medium_default/stangest-fortificante-natural-en-bote-para-perro-y-gato.jpghttps://www.petsonic.com/28786-medium_default/stangest-fortificante-natural-en-bote-para-perro-y-gato.jpg
 Vetnova Glyco-flex ll Snacks para Gatos y Perros Pequeños - 60 Comprimidos,37.95 €,https://www.petsonic.com/11859-medium_default/vetnova-glyco-flex-l-snacks-para-gatos-y-perros-pequenos.jpg
 Stangest Anima Strath Tomillo para Perros y Gatos - 100 ml,15.75 €,https://www.petsonic.com/28760-medium_default/stangest-anima-strath-tomillo-para-perros-y-gatos.jpghttps://www.petsonic.com/28761-medium_default/stangest-anima-strath-tomillo-para-perros-y-gatos.jpghttps://www.petsonic.com/28762-medium_default/stangest-anima-strath-tomillo-para-perros-y-gatos.jpghttps://www.petsonic.com/28763-medium_default/stangest-anima-strath-tomillo-para-perros-y-gatos.jpghttps://www.petsonic.com/28764-medium_default/stangest-anima-strath-tomillo-para-perros-y-gatos.jpghttps://www.petsonic.com/28765-medium_default/stangest-anima-strath-tomillo-para-perros-y-gatos.jpg
 Stangest Anima Strath Tomillo para Perros y Gatos - 250 ml,28.17 €,https://www.petsonic.com/28760-medium_default/stangest-anima-strath-tomillo-para-perros-y-gatos.jpghttps://www.petsonic.com/28761-medium_default/stangest-anima-strath-tomillo-para-perros-y-gatos.jpghttps://www.petsonic.com/28762-medium_default/stangest-anima-strath-tomillo-para-perros-y-gatos.jpghttps://www.petsonic.com/28763-medium_default/stangest-anima-strath-tomillo-para-perros-y-gatos.jpghttps://www.petsonic.com/28764-medium_default/stangest-anima-strath-tomillo-para-perros-y-gatos.jpghttps://www.petsonic.com/28765-medium_default/stangest-anima-strath-tomillo-para-perros-y-gatos.jpg
 Stangest Anima Strath Tomillo para Perros y Gatos - 9x30ml,59.82 €,https://www.petsonic.com/28760-medium_default/stangest-anima-strath-tomillo-para-perros-y-gatos.jpghttps://www.petsonic.com/28761-medium_default/stangest-anima-strath-tomillo-para-perros-y-gatos.jpghttps://www.petsonic.com/28762-medium_default/stangest-anima-strath-tomillo-para-perros-y-gatos.jpghttps://www.petsonic.com/28763-medium_default/stangest-anima-strath-tomillo-para-perros-y-gatos.jpghttps://www.petsonic.com/28764-medium_default/stangest-anima-strath-tomillo-para-perros-y-gatos.jpghttps://www.petsonic.com/28765-medium_default/stangest-anima-strath-tomillo-para-perros-y-gatos.jpg
 Stangest Anima Strath Tomillo para Perros y Gatos - 1000 ml,81.30 €,https://www.petsonic.com/28760-medium_default/stangest-anima-strath-tomillo-para-perros-y-gatos.jpghttps://www.petsonic.com/28761-medium_default/stangest-anima-strath-tomillo-para-perros-y-gatos.jpghttps://www.petsonic.com/28762-medium_default/stangest-anima-strath-tomillo-para-perros-y-gatos.jpghttps://www.petsonic.com/28763-medium_default/stangest-anima-strath-tomillo-para-perros-y-gatos.jpghttps://www.petsonic.com/28764-medium_default/stangest-anima-strath-tomillo-para-perros-y-gatos.jpghttps://www.petsonic.com/28765-medium_default/stangest-anima-strath-tomillo-para-perros-y-gatos.jpg
 Vetnova Multiva Hairball para Gato - 45 Comprimidos,11.95 €,https://www.petsonic.com/11871-medium_default/vetnova-multiva-hairball-para-gato.jpg
 farmadiet Lactadiet Calostro para Gatos - 40 sobres,21.14 €,https://www.petsonic.com/15052-medium_default/lactadiet-calostro-para-gatos.jpghttps://www.petsonic.com/15051-medium_default/lactadiet-calostro-para-gatos.jpg
 farmadiet Lactadiet Calostro para Gatos - 134 sobres,54.25 €,https://www.petsonic.com/15052-medium_default/lactadiet-calostro-para-gatos.jpghttps://www.petsonic.com/15051-medium_default/lactadiet-calostro-para-gatos.jpg
 Vetnova Dialix UT para Gato - 30 Comprimidos,19.50 €,https://www.petsonic.com/28753-medium_default/dialix-ut-para-gato.jpghttps://www.petsonic.com/13259-medium_default/dialix-ut-para-gato.jpghttps://www.petsonic.com/28752-medium_default/dialix-ut-para-gato.jpg
 farmadiet Vetgastril para Perro y Gato - 20 ml,9.56 €,https://www.petsonic.com/15066-medium_default/vetgastril-para-perro-gato.jpg
 farmadiet Vetgastril para Perro y Gato - 50 ml,13.18 €,https://www.petsonic.com/15066-medium_default/vetgastril-para-perro-gato.jpg
 Vetnova Cutania GlyCoat Champú + Spray Dermatológico para Perro y Gato - 236 ml,25.95 €,https://www.petsonic.com/28933-medium_default/cutania-glycoat-spray-para-perro-gato.jpg
 Fatro EnerGel para Perro y Gato - 80 Gr,8.95 €,https://www.petsonic.com/15086-medium_default/energel-para-perro-gato.jpg
 farmadiet Vitoftal Lutein Gel para Pero y Gato - 50 ml,16.87 €,https://www.petsonic.com/15069-medium_default/vitoftal-lutein-gel-para-pero-gato.jpg
 Fatro CLX Derm Spot Gel para Perro y Gato - 0.100 L,17.59 €,https://www.petsonic.com/15085-medium_default/clx-derm-spot-gel-para-perro-gatto.jpg
 farmadiet Vetinmune para Perro y Gato - 120 Comprimidos,32.12 €,https://www.petsonic.com/15068-medium_default/vetinmune-para-perro-gato.jpghttps://www.petsonic.com/26350-medium_default/vetinmune-para-perro-gato.jpg
 Fatro EnteroFilus en Monodosis para Perro y Gato - 12 Unidades.,13.99 €,https://www.petsonic.com/15087-medium_default/enterofilus-monodosis-para-perro-gato.jpg
 Fatro Vetramil Apósitos Cicatrizantes para Perro y Gato - 5 Unidades.,19.25 €,https://www.petsonic.com/15103-medium_default/vetramil-apositos-cicatrizantes-para-perro-gato.jpg
 Fatro CLX Toallitas para Perro y Gato - 40 Unidades.,27.44 €,https://www.petsonic.com/15084-medium_default/clx-toallitas-para-perro-gato.jpg
 farmadiet Lacristal Neo para Perro y Gato - 10 ml,8.03 €,https://www.petsonic.com/15048-medium_default/lacristal-neo-para-perro-gato.jpg
 farmadiet Profilaxcel para Perro y Gato - 30 Comprimidos,24.11 €,https://www.petsonic.com/15064-medium_default/profilaxcel-para-perro-gato.jpg
 Fatro CLX Espuma 4% para Perro y Gato - 0.100 L,15.34 €,https://www.petsonic.com/15082-medium_default/clx-espuma-4-para-perro-gato.jpg
 farmadiet IRC VET para Perro y Gato - 60 Comprimidos,25.55 €,https://www.petsonic.com/28919-medium_default/irc-vet-para-perro-gato.jpghttps://www.petsonic.com/15047-medium_default/irc-vet-para-perro-gato.jpg
 Vetnova Dialix Oxalate para Perro y Gato - 300 Gr.,37.50 €,https://www.petsonic.com/13254-medium_default/dialix-oxalate-para-perro-gato.jpg
 Fatro Malta Akiball para Gato - 100 Gr.,7.99 €,https://www.petsonic.com/16772-medium_default/malta-akiball-para-gato.jpg
 Fatro CLX Solucion Spray 4% para Perro y Gato - 0.200 L,20.88 €,https://www.petsonic.com/15083-medium_default/clx-solucion-spray-4-para-perro-gato.jpg
 Fatro Ermidrá Champú para Perro y Gato - 0.250 L,14.95 €,https://www.petsonic.com/15090-medium_default/emidra-champu-para-perro-gato.jpg
 Fatro Epato Plus Pasta para Gato - 2 x 15 ml,26.99 €,https://www.petsonic.com/15089-medium_default/epato-plus-pasta-para-gato.jpg
 Fatro Vetramil Pomada Cicatrizante para Perro y Gato - 30 Gr.,16.95 €,https://www.petsonic.com/15105-medium_default/vetramil-pomada-cicatrizante-para-perro-gato.jpg
 Fatro Vetramil Pomada Cicatrizante para Perro y Gato - 180 Gr,54.95 €,https://www.petsonic.com/15105-medium_default/vetramil-pomada-cicatrizante-para-perro-gato.jpg
 farmadiet IRC VET Gel Oral para Perro y Gato - 50 ml,12.71 €,https://www.petsonic.com/15046-medium_default/irc-vet-gel-oral-para-perros-gatos.jpg
 Fatro Vetramil Spray Cicatrizante para Pero y Gato - 100 ml,21.95 €,https://www.petsonic.com/15106-medium_default/vetramil-spray-cicatrizante-para-pero-gato.jpg
 farmadiet Lysinviral para Gato - 50 ml,10.50 €,https://www.petsonic.com/28869-medium_default/lysinviral-para-gato.jpg
 farmadiet Oxispeed Gel para Gato - 50 ml,8.95 €,https://www.petsonic.com/15062-medium_default/oxispeed-gel-para-gato.jpg
 Fatro CLX Champú 4% para Perro y Gato - 0.200 L,19.30 €,https://www.petsonic.com/15081-medium_default/clx-champu-4-para-perro-gato.jpg
 Fatro Zincoseb Champú para Perro y Gato - 0.250 L,21.95 €,https://www.petsonic.com/17872-medium_default/zincoseb-champu-para-perro-gato.jpg
 Vetnova Cutania Skin Control Toallitas para Perro y Gato - 24 Unidades.,9.96 €,https://www.petsonic.com/16823-medium_default/cutania-skin-control-toallitas-para-perro-y-gato.jpg
 farmadiet Vet Regul Gel para Perro y Gato - 50 ml,9.02 €,https://www.petsonic.com/15067-medium_default/vet-regul-gel-para-perro-gato.jpg
 Vetnova Conecta O3ABD para Perro y Gato - 135 ml,23.95 €,https://www.petsonic.com/28889-medium_default/conecta-o3abd-para-perro-gato.jpg
 farmadiet Calmatonine para Perro y Gato - 120 Comprimidos,48.17 €,https://www.petsonic.com/15032-medium_default/calmatonine-para-perro-gato.jpg
 vetplus Coatex 240 comprimidos - 240 Comprimidos,53.28 €,https://www.petsonic.com/14226-medium_default/vetplus-coatex-para-perros-gatos.jpg
 Vetoquinol Bezopet para Gato - 120 gr,8.97 €,https://www.petsonic.com/11778-medium_default/vetoquinol-bezopet-para-gato.jpg
 Royal Canin Feline Renal Liquide - 3x200,21.55 €,https://www.petsonic.com/27054-medium_default/royal-canin-feline-renal-liquide.jpg
 Bayer Calcio con Vitamina D3 para Perros y Gatos - 60 Comprimidos,10.08 €,https://www.petsonic.com/26173-medium_default/bayer-calcio-vitamina-d3-gatos-para-perros-gatos.jpghttps://www.petsonic.com/26186-medium_default/bayer-calcio-vitamina-d3-gatos-para-perros-gatos.jpghttps://www.petsonic.com/26187-medium_default/bayer-calcio-vitamina-d3-gatos-para-perros-gatos.jpg
 Vetnova Dialix UT Forte 10 para Perro y Gato - 45 Comprimidos,35.50 €,https://www.petsonic.com/13256-medium_default/vetnova-dialix-ut-forte-10-para-perro-y-gato.jpg
 Vetnova Suplemento Nutricional SUPRA RC-15 para Perro y Gato - 30 Comprimidos,26.50 €,https://www.petsonic.com/14844-medium_default/suplemento-nutricional-supra-rc-15-para-perro-gato.jpg
 farmadiet Antiinflamatorio Inflavet para Perro y Gato - 60 Comprimidos,22.71 €,https://www.petsonic.com/15045-medium_default/antiinflamatorio-inflavet-para-perro-gato.jpg
 Bayer Malta para Gato - 100 Gr.,8.94 €,https://www.petsonic.com/16768-medium_default/bayer-malta-para-gatos.jpghttps://www.petsonic.com/26202-medium_default/bayer-malta-para-gatos.jpghttps://www.petsonic.com/26203-medium_default/bayer-malta-para-gatos.jpg
 MSD Savorial Malta para Gato - 20 Gr.,7.75 €,https://www.petsonic.com/16771-medium_default/savorial-malta-para-gatos.jpg
 Stangest Dicalfon Calcio Fosforo para Perro y/o Gato - 100 Comprimidos.,5.15 €,https://www.petsonic.com/28818-medium_default/stanvet-dicalfon-calcio-fosforo-para-perro-yo-gato.jpghttps://www.petsonic.com/28819-medium_default/stanvet-dicalfon-calcio-fosforo-para-perro-yo-gato.jpghttps://www.petsonic.com/28820-medium_default/stanvet-dicalfon-calcio-fosforo-para-perro-yo-gato.jpg
 Stangest Dicalfon Calcio Fosforo para Perro y/o Gato - 500 Comprimidos,14.93 €,https://www.petsonic.com/28818-medium_default/stanvet-dicalfon-calcio-fosforo-para-perro-yo-gato.jpghttps://www.petsonic.com/28819-medium_default/stanvet-dicalfon-calcio-fosforo-para-perro-yo-gato.jpghttps://www.petsonic.com/28820-medium_default/stanvet-dicalfon-calcio-fosforo-para-perro-yo-gato.jpg
 Menforsan Suplemento nutricional intestinal perros y gatos - 120 ml,12.38 €,https://www.petsonic.com/28227-medium_default/menforsan-suplemento-nutricional-intestinal-perros-y-gatos.jpg
 JTPharma Hepato Pharma Same Solución para Perro y Gato - 55 ml,35.57 €,https://www.petsonic.com/15551-medium_default/hepato-pharma-same-solucion-para-perro-gato.jpg
 JTPharma Biotin B Zinc Selenio para Perro y Gato - 60 Comprimidos,16.61 €,https://www.petsonic.com/15539-medium_default/biotin-b-zinc-selenio-para-perro-gato.jpg
 JTPharma Glucoserum para Perro y Gato - 10 x 50gr,24.74 €,https://www.petsonic.com/15547-medium_default/glucoserum-para-perro-gato.jpg
 JTPharma Vigor Pharma para Perro y Gato - 60 Comprimidos,15.01 €,https://www.petsonic.com/15560-medium_default/vigor-pharma-perro-gato.jpg
 JTPharma Vigor Pharma para Perro y Gato - 300 Comprimidos,65.27 €,https://www.petsonic.com/15560-medium_default/vigor-pharma-perro-gato.jpg
 JTPharma Lacto Cat para Gato - 4 x 50 gr,10.88 €,https://www.petsonic.com/15553-medium_default/lacto-cat-para-gato.jpg
 JTPharma Entero Vital para Perro y Gato - 60 Comprimidos,27.54 €,https://www.petsonic.com/15546-medium_default/entero-vital-para-perro-gato.jpg
 JTPharma Hepato Pharma Solución para Perro y Gato - 55 ml,16.03 €,https://www.petsonic.com/15549-medium_default/hepato-pharma-solucion-para-perro-gato.jpg
 JTPharma Vitamina C para Perro y Gato - 55 ml,11.79 €,https://www.petsonic.com/15562-medium_default/vitamina-c-para-perro-gato.jpg
 JTPharma Vitamina K1 para Perro y Gato - 55 ml,11.79 €,https://www.petsonic.com/15563-medium_default/vitamina-k1-para-perro-gato.jpg
 Vetoquinol Flexadin Plus Mini para Perro y Gato - 30 Comprimidos,17.05 €,https://www.petsonic.com/15725-medium_default/flexadin-plus-mini-para-perro-gato.jpg
 Vetoquinol Flexadin Plus Mini para Perro y Gato - 90 Comprimidos,30.16 €,https://www.petsonic.com/15725-medium_default/flexadin-plus-mini-para-perro-gato.jpg
 Stangest Floravet Complex para Perro y Gato - 25 unidades de 2gr,17.27 €,https://www.petsonic.com/15645-medium_default/floravet-complex-para-perro-gato.jpg
 JTPharma Pancrea Pharma para Perro y Gato - 60 Comprimidos,23.07 €,https://www.petsonic.com/15557-medium_default/pancrea-pharma-para-perro-gato.jpg
 JTPharma Calci-Vit para Perro y Gato - 60 Comprimidos,10.75 €,https://www.petsonic.com/15542-medium_default/calci-vit-para-perro-gato.jpg
 Stangest Ocuhealth para Perro y Gato - 60 Comprimidos,18.41 €,https://www.petsonic.com/15657-medium_default/ocuhealth-para-perro-gato.jpg
 Stangest Ocuhealth para Perro y Gato - 300 Comprimidos,64.60 €,https://www.petsonic.com/15657-medium_default/ocuhealth-para-perro-gato.jpg
 vetplus Aktivait para Gato - 60 Comprimidos,24.63 €,https://www.petsonic.com/15732-medium_default/aktivait-para-gato.jpg
 Stangest Neurovet para Perro y Gato - 60 Comprimidos,18.46 €,https://www.petsonic.com/15652-medium_default/neurovet-para-perro-gato.jpg
 JTPharma Pancrea Pharma Solucion para Perro y Gato - 50 Gr.,23.07 €,https://www.petsonic.com/15556-medium_default/pancrea-pharma-solucion-para-perro-gato.jpg
 vetplus Renate para Gato - 30 sobres de 2 gr,17.24 €,https://www.petsonic.com/15746-medium_default/renate-para-gato.jpg
 virbac Pronefra para Gato - 60 ml,21.24 €,https://www.petsonic.com/16931-medium_default/pronefra-para-gato.jpg
 virbac Epi-Otic Limpiador Ótico - 0.125 L,15.63 €,https://www.petsonic.com/13050-medium_default/virbac-epi-otic-limpiador-otico-para-perros.jpg
 Urano Vet U*Derm Omega para Perro y Gato - 260 Comprimidos,78.83 €,https://www.petsonic.com/15675-medium_default/u-derm-omega-para-perro-gato.jpg
 vetplus Cystaid para Gato - 180,52.16 €,https://www.petsonic.com/28807-medium_default/cystaid-plus-para-gato.jpghttps://www.petsonic.com/28754-medium_default/cystaid-plus-para-gato.jpg
 vetplus Kaminox para perro y Gato - 60 ml,14.68 €,https://www.petsonic.com/26347-medium_default/kaminox-para-gato.jpg
 vetplus Kaminox para perro y Gato - 120 ml,24.63 €,https://www.petsonic.com/26347-medium_default/kaminox-para-gato.jpg
 JTPharma Vitmaina K1 Perros Razas Pequeñas y Gatos - 60 Comprimidos,26.55 €,https://www.petsonic.com/15564-medium_default/vitmaina-k-perros-razas-pequenas.jpg
 Dermoscent Pipetas para Gato - 4 Pipetas.,15.84 €,https://www.petsonic.com/16036-medium_default/dermoscent-para-gato.jpg
 Hifarmax Omnicutis cápsulas para perros y gatos salud de la piel y el pelo - 30,12.59 €,https://www.petsonic.com/20602-medium_default/omnicutis-para-perros-gatos-salud-piel-pelo.jpghttps://www.petsonic.com/20604-medium_default/omnicutis-para-perros-gatos-salud-piel-pelo.jpg
 Hifarmax Omnicutis cápsulas para perros y gatos salud de la piel y el pelo - 150,51.92 €,https://www.petsonic.com/20602-medium_default/omnicutis-para-perros-gatos-salud-piel-pelo.jpghttps://www.petsonic.com/20604-medium_default/omnicutis-para-perros-gatos-salud-piel-pelo.jpg
 Hifarmax Omnicutis cápsulas para perros y gatos salud de la piel y el pelo - 600,162.66 €,https://www.petsonic.com/20602-medium_default/omnicutis-para-perros-gatos-salud-piel-pelo.jpghttps://www.petsonic.com/20604-medium_default/omnicutis-para-perros-gatos-salud-piel-pelo.jpg
 Ecuphar Cosequin Advanced para Gato - 45 Comprimidos,18.89 €,https://www.petsonic.com/17383-medium_default/ecuphar-cosequin-advanced-para-gato.jpg
 Bioiberica Atopivet para perros atópicos - 60 Comprimidos,21.95 €,https://www.petsonic.com/20582-medium_default/atopivet-para-perros-atopicos.jpghttps://www.petsonic.com/20583-medium_default/atopivet-para-perros-atopicos.jpghttps://www.petsonic.com/20584-medium_default/atopivet-para-perros-atopicos.jpg
 Bioiberica Atopivet para perros atópicos - 180 Comprimidos,46.50 €,https://www.petsonic.com/20582-medium_default/atopivet-para-perros-atopicos.jpghttps://www.petsonic.com/20583-medium_default/atopivet-para-perros-atopicos.jpghttps://www.petsonic.com/20584-medium_default/atopivet-para-perros-atopicos.jpg
 Urano Vet Apoptus para Perro y Gato - 60 Comprimidos,30.98 €,https://www.petsonic.com/15670-medium_default/apoptus-para-perro-gato.jpg
 Stangest DentiVet Proteccion Total para Perro y Gato - 125 ml,8.95 €,https://www.petsonic.com/28856-medium_default/dentivet-proteccion-total-para-perro-gato.jpghttps://www.petsonic.com/28857-medium_default/dentivet-proteccion-total-para-perro-gato.jpg
 Vetnova Clunia Zn-A Gel para Perros y Gatos - 118 ml,26.95 €,https://www.petsonic.com/13240-medium_default/clunia-zn-a-gel-para-perros-y-gatos.jpg
 Stangest Glutavet para Perro y Gato - 60 Comprimidos,15.27 €,https://www.petsonic.com/15660-medium_default/glutavet-para-perro-gato.jpghttps://www.petsonic.com/15659-medium_default/glutavet-para-perro-gato.jpg
 JTPharma Cardio Fortex para Perro y Gato - 60 Comprimidos,26.89 €,https://www.petsonic.com/15541-medium_default/cardio-fortex-para-perro-gato.jpg
 Feliway Spray 60 ml gato - 60 ml,19.74 €,https://www.petsonic.com/5009-medium_default/feliway-spray-60-ml-para-gatos.jpghttps://www.petsonic.com/6366-medium_default/feliway-spray-60-ml-para-gatos.jpg
 virbac Vet Aquadent - 0.250 L,13.07 €,https://www.petsonic.com/28743-medium_default/virbac-vet-aquadent-para-perros.jpg
 virbac Vet Aquadent - 0.500 L,18.76 €,https://www.petsonic.com/28743-medium_default/virbac-vet-aquadent-para-perros.jpg
 vetplus Complivit para Perro y Gato - 150 Gr.,12.86 €,https://www.petsonic.com/15736-medium_default/complivit-para-perro-gato.jpg
 Vetnova Dialix Lespedeza -5 para Perro y Gato - 60 Comprimidos,29.95 €,https://www.petsonic.com/28934-medium_default/vetnova-dialix-lespedeza-5-para-perro.jpg
 Stangest Minsal para Perro y Gato - 30 Comprimidos,11.54 €,https://www.petsonic.com/15661-medium_default/minsal-para-perro-gato.jpg
 Feliway Recambio de Difusor Eléctrico - 48 ml,21.59 €,https://www.petsonic.com/8627-medium_default/feliway-recambio-difusor-electrico-para-gatos.jpghttps://www.petsonic.com/8628-medium_default/feliway-recambio-difusor-electrico-para-gatos.jpg
 JTPharma Artro Pharma Solución para Perro y Gato - 55 ml,17.40 €,https://www.petsonic.com/15566-medium_default/artro-pharma-solucion-para-perro-gato.jpg
 Stangest Urovet-C para perros y gatos con problemas renales 100ml. - 100 ml,17.32 €,https://www.petsonic.com/20629-medium_default/urovet-c-para-perros-gatos-problemas-renales-100ml.jpg
 Urano Vet U*Derm Omega Gel para Perro y Gato - 50 Gr.,15.20 €,https://www.petsonic.com/15674-medium_default/u-derm-omega-gel-para-perro-gato.jpg
 Dechra Limpiador Ótico Cleanaural para Gato - 50 ml,8.21 €,https://www.petsonic.com/15011-medium_default/limpiador-otico-cleanaural-para-gato.jpg
 Ecuphar Orozyme Gel Dental para Perro y Gato - 70 Gr,10.49 €,https://www.petsonic.com/15004-medium_default/orozime-gel-dental-paraperro-gato.jpg
 Urano Vet U*Vita en Gel para Gato - 50 Gr.,11.28 €,https://www.petsonic.com/15678-medium_default/u-vita-gel-para-gato.jpg
 Vetnova Clunia Zn-Gel Mantenimiento para Perros y Gatos - 59 ml,17.50 €,https://www.petsonic.com/13241-medium_default/clunia-zn-gel-mantenimiento-para-perros-y-gatos.jpg
 Stangest Otican Limpiador Oídos para Perro y/o Gato - 0.125 L,5.21 €,https://www.petsonic.com/28815-medium_default/stanvet-otican-limpiador-oidos-para-perro-yo-gato.jpg
 Stangest Cronicare para Perro y Gato - 30 ml,18.38 €,https://www.petsonic.com/20576-medium_default/cronicare-para-perro-y-gato.jpg
 Stangest Cronicare para Perro y Gato - 100 ml,49.35 €,https://www.petsonic.com/20576-medium_default/cronicare-para-perro-y-gato.jpg
 Dechra Limpiador Ocular Cleanocular para Perro y Gato - 100 ml,9.79 €,https://www.petsonic.com/15012-medium_default/limpiador-ocular-cleanocular-para-perro-gato.jpg
 JTPharma Hepato Pharma para Perro y Gato - 60 Comprimidos,19.71 €,https://www.petsonic.com/15548-medium_default/hepato-pharma-para-perro-gato.jpg
 JTPharma Hepato Pharma para Perro y Gato - 300 Comprimidos,75.03 €,https://www.petsonic.com/15548-medium_default/hepato-pharma-para-perro-gato.jpg
 Vetnova Abelia Zn-Otic para Perro y Gato - 59 ml,18.50 €,https://www.petsonic.com/13232-medium_default/abelia-zn-otic-para-perro-gato.jpg
 JTPharma Hepato Pharma Same para Perro y Gato - 60 Comprimidos,43.96 €,https://www.petsonic.com/15550-medium_default/hepato-pharma-same-para-perro-gato.jpg
 Leti Limpiador Ótico de Extracto de Granada para Perro - 0.125 L,13.52 €,https://www.petsonic.com/16457-medium_default/limpiador-otico-extracto-granada-para-perros.jpg
 Bioiberica Atopivet Spot-On para perros y gatos - 8 Pipetas,29.15 €,https://www.petsonic.com/20590-medium_default/atopivet-spot-on-para-perros-gatos.jpghttps://www.petsonic.com/20585-medium_default/atopivet-spot-on-para-perros-gatos.jpghttps://www.petsonic.com/20586-medium_default/atopivet-spot-on-para-perros-gatos.jpg
 Bioiberica Atopivet Spot-On para perros y gatos - 16 Pipetas,44.31 €,https://www.petsonic.com/20590-medium_default/atopivet-spot-on-para-perros-gatos.jpghttps://www.petsonic.com/20585-medium_default/atopivet-spot-on-para-perros-gatos.jpghttps://www.petsonic.com/20586-medium_default/atopivet-spot-on-para-perros-gatos.jpg
 Feliway Travel 20ml - 20 ml,11.19 €,https://www.petsonic.com/5194-medium_default/feliway-travel-20ml-para-gatos.jpghttps://www.petsonic.com/6358-medium_default/feliway-travel-20ml-para-gatos.jpg
 farmadiet Limpiador Ocular Lagrinet Neo para Perros y Gatos - 10 ml,8.29 €,https://www.petsonic.com/8365-medium_default/farmadiet-limpiador-ocular-lagrinet-neo-gatos-para-perros.jpg
 Bioiberica Condrovet Force HA para Gato - 45 Comprimidos,25.43 €,https://www.petsonic.com/19445-medium_default/condrovet-force-ha-para-gato.jpg
 JTPharma Complex B para Perro y Gato - 60 Comprimidos,17.03 €,https://www.petsonic.com/15543-medium_default/complex-b-para-perro-gato.jpg
 farmadiet Cognidine Suplemento neurologico perros y gatos - 60 Comprimidos,19.27 €,https://www.petsonic.com/20589-medium_default/cognidine-suplemento-neurologico-perros-gatos.jpg
 Hifarmax Omnimatrix pomada cicatrizante para perros y gatos - 20 Grs,11.54 €,https://www.petsonic.com/20610-medium_default/omnimatrix-pomada-cicatrizante-para-perros-gatos.jpghttps://www.petsonic.com/20611-medium_default/omnimatrix-pomada-cicatrizante-para-perros-gatos.jpg
 Hifarmax Omnimatrix pomada cicatrizante para perros y gatos - 60 Grs,19.94 €,https://www.petsonic.com/20610-medium_default/omnimatrix-pomada-cicatrizante-para-perros-gatos.jpghttps://www.petsonic.com/20611-medium_default/omnimatrix-pomada-cicatrizante-para-perros-gatos.jpg
 Bayer Antialérgico Vetriderm para Propietarios de Mascotas - 0.350 L,21.10 €,https://www.petsonic.com/28806-medium_default/bayer-antialergico-vetriderm-para-propietarios-mascotas-para-perros.jpg
 Hifarmax Hifarmax omnicardio plus perros y gatos. Comprimidos - 60 Comprimidos,27.28 €,https://www.petsonic.com/26431-medium_default/omnicardio-perros-gatos-comprimidos.jpghttps://www.petsonic.com/20607-medium_default/omnicardio-perros-gatos-comprimidos.jpghttps://www.petsonic.com/20608-medium_default/omnicardio-perros-gatos-comprimidos.jpghttps://www.petsonic.com/20609-medium_default/omnicardio-perros-gatos-comprimidos.jpg
 Stangest Hepa-T-Detox para Perro y Gato - 60 Comprimidos,14.53 €,https://www.petsonic.com/15650-medium_default/hepa-t-detox-para-perro-gato.jpg
 Stangest Hepa-T-Detox para Perro y Gato - 300 Comprimidos,71.14 €,https://www.petsonic.com/15650-medium_default/hepa-t-detox-para-perro-gato.jpg
 Dechra Cleanaural Sensitive Limpiador de Oídos para Perro - 100 ml,13.57 €,https://www.petsonic.com/12294-medium_default/cleanaural-sensitive-limpiador-oidos-para-perro.jpg
 Ecuphar Otoclean Limpiador Ótico para Perros y Gatos - 18 Unidades.,13.64 €,https://www.petsonic.com/18212-medium_default/esteve-otoclean-limpiador-otico-gatos-para-perros-gatos.jpg
 Stangest DentiCan Soluble para Perro y Gato - 0.250 L,8.07 €,https://www.petsonic.com/28858-medium_default/dentican-soluble-para-perro-gato.jpghttps://www.petsonic.com/28859-medium_default/dentican-soluble-para-perro-gato.jpghttps://www.petsonic.com/28860-medium_default/dentican-soluble-para-perro-gato.jpg
 Stangest DentiCan Soluble para Perro y Gato - 0.500 L,11.20 €,https://www.petsonic.com/28858-medium_default/dentican-soluble-para-perro-gato.jpghttps://www.petsonic.com/28859-medium_default/dentican-soluble-para-perro-gato.jpghttps://www.petsonic.com/28860-medium_default/dentican-soluble-para-perro-gato.jpg
 JTPharma Vitmaina K1 Perros Razas Grandes y Gatos - 60 Comprimidos,33.14 €,https://www.petsonic.com/15565-medium_default/vitmaina-k1-perros-razas-grandes.jpg
 Stangest Oncovet II para Perros y Gatos - 120 gr,14.50 €,https://www.petsonic.com/15646-medium_default/oncovet-ii-para-perros-gatos.jpghttps://www.petsonic.com/15663-medium_default/oncovet-ii-para-perros-gatos.jpg
 Stangest Oncovet II para Perros y Gatos - 240 Gr.,22.04 €,https://www.petsonic.com/15646-medium_default/oncovet-ii-para-perros-gatos.jpghttps://www.petsonic.com/15663-medium_default/oncovet-ii-para-perros-gatos.jpg
 Stangest Cardio II Caritine para Perro y Gato - 60 Comprimidos,17.97 €,https://www.petsonic.com/15648-medium_default/cardio-ii-caritine-para-perro-gato.jpg
 Vetnova Limpiador Ótico Klyse para Perro - 118 ml,15.95 €,https://www.petsonic.com/14845-medium_default/limpiador-otico-klyse-para-perro.jpg
 Dechra Gel Ocular Lubrithal para Perro y Gato - 10 Gr,8.42 €,https://www.petsonic.com/15014-medium_default/dechra-gel-ocular-lubrithal-gato-para-perros-gatos.jpg
 Hifarmax Hifarmax Omniomega complemento nutricional gatos y perros - 120,32.53 €,https://www.petsonic.com/20597-medium_default/hifarmax-omniomega-complemento-nutricional-gatos-perros.jpghttps://www.petsonic.com/20598-medium_default/hifarmax-omniomega-complemento-nutricional-gatos-perros.jpg
 Hifarmax Hifarmax Omniomega complemento nutricional gatos y perros - 510,104.94 €,https://www.petsonic.com/20597-medium_default/hifarmax-omniomega-complemento-nutricional-gatos-perros.jpghttps://www.petsonic.com/20598-medium_default/hifarmax-omniomega-complemento-nutricional-gatos-perros.jpg
 JTPharma Vigor Pharma Solucion para Perro y Gato - 55 ml,9.79 €,https://www.petsonic.com/15561-medium_default/vigor-pharma-solucion-para-perro-gato.jpg
 JTPharma Uro Pharma Solucion para Perro y Gato - 55 ml,12.71 €,https://www.petsonic.com/15559-medium_default/uro-pharma-solucion-para-perro-gato.jpg
 Feliway Friends Difusor + Recambio - 48 ml,23.21 €,https://www.petsonic.com/13006-medium_default/feliway-friends-difusor-recambio-para-gatos.jpg
 vetplus Flumax para Gato - 150 ml,19.21 €,https://www.petsonic.com/15742-medium_default/flumax-para-gato.jpg
 vetplus Condroprotector Synoquin para Gato - 90 Comprimidos,41.25 €,https://www.petsonic.com/28907-medium_default/condroprotector-synoquin-para-gato.jpghttps://www.petsonic.com/15753-medium_default/condroprotector-synoquin-para-gato.jpg
 JTPharma Uro Pharma para Perro y Gato - 60 Comprimidos,23.45 €,https://www.petsonic.com/15558-medium_default/uro-pharma-para-perro-gato.jpg
 JTPharma Entero Laxavet para Perro y Gato - 55 ml,10.25 €,https://www.petsonic.com/15545-medium_default/entero-laxavet-para-perro-gato.jpg
 JTPharma Entero Laxavet para Perro y Gato - 250 ml,16.57 €,https://www.petsonic.com/15545-medium_default/entero-laxavet-para-perro-gato.jpg
 virbac Anxitane - S,20.72 €,https://www.petsonic.com/28887-medium_default/anxitane.jpg
 virbac Anxitane - M-L,25.01 €,https://www.petsonic.com/28887-medium_default/anxitane.jpg
 Stangest OtiVet Limpiador Oidos para Perro y/o Gato - 125 ml,7.00 €,https://www.petsonic.com/28864-medium_default/otivet-limpiador-oidos-para-perro-gato.jpg
 Fatro IryPlus Limpiador Ocular para Perro y Gato - 50 ml,12.09 €,https://www.petsonic.com/15092-medium_default/iryplus-limpiador-ocular-para-perro-gato.jpg
 farmadiet Hepatosil para Perro +10 Kg - 30 Comprimidos,24.62 €,https://www.petsonic.com/15037-medium_default/hepatosil-para-perro-10-kg.jpg
 Ecuphar Tiras Dentales Orozyme para Perro - M,10.49 €,https://www.petsonic.com/16465-medium_default/tiras-dentales-orozyme-para-perro.jpg
 Ecuphar Tiras Dentales Orozyme para Perro - L,10.49 €,https://www.petsonic.com/16465-medium_default/tiras-dentales-orozyme-para-perro.jpg
 Ecuphar Tiras Dentales Orozyme para Perro - S,10.49 €,https://www.petsonic.com/16465-medium_default/tiras-dentales-orozyme-para-perro.jpg
 virbac Nutribound para Perro 3x150ml - 150 ml,24.96 €,https://www.petsonic.com/28936-medium_default/virbac-nutribound-3x150ml-para-perros.jpghttps://www.petsonic.com/14235-medium_default/virbac-nutribound-3x150ml-para-perros.jpg
 Hifarmax Omnicutis líquido para perros y gatos salud de la piel y el pelo - 200 ml,24.14 €,https://www.petsonic.com/20606-medium_default/omnicutis-liquido-para-perros-gatos-salud-piel-pelo.jpghttps://www.petsonic.com/20605-medium_default/omnicutis-liquido-para-perros-gatos-salud-piel-pelo.jpg
 Calier Adolac Limpiador Auricular para Perro y Gato - 125 ml,6.66 €,https://www.petsonic.com/14986-medium_default/adolac-limpiador-auricular-para-perro-gato.jpg
 Stangest Optican Limpiador Lagrimal para Perro y/o Gato - 0.125 L,5.03 €,https://www.petsonic.com/28816-medium_default/stanvet-optican-limpiador-lagrimal-para-perro-yo-gato.jpg
 Feliway Friends Recambio - 48 ml,19.74 €,https://www.petsonic.com/7993-medium_default/feliway-friends-recambio-para-gatos.jpg
 vetplus Fibor para Perro y Gato - 500 Gr.,18.47 €,https://www.petsonic.com/15741-medium_default/fibor-para-perro-gato.jpg
 vetplus Coatex Gel para Perro y Gato - 65 ml,23.21 €,https://www.petsonic.com/15734-medium_default/coatex-gel-para-perro-gato.jpg
 vetplus Coatex Gel para Perro y Gato - 150 ml,35.52 €,https://www.petsonic.com/15734-medium_default/coatex-gel-para-perro-gato.jpg
 Stangest Histamin Control para Perro y Gato - 60 Comprimidos,20.52 €,https://www.petsonic.com/15655-medium_default/histamin-control-para-perro-gato.jpg
 Stangest Histamin Control para Perro y Gato - 300 Comprimidos,70.29 €,https://www.petsonic.com/15655-medium_default/histamin-control-para-perro-gato.jpg
 Stangest Enzivet para Perro y Gato - 60 Comprimidos,14.93 €,https://www.petsonic.com/15649-medium_default/enzivet-para-perro-gato.jpg
 Stangest Enzivet para Perro y Gato - 300 Comprimidos,53.38 €,https://www.petsonic.com/15649-medium_default/enzivet-para-perro-gato.jpg
 Stangest Urovet para Perro y Gato RQ - 100 Gr.,17.79 €,https://www.petsonic.com/15654-medium_default/urovet-para-perro-gato.jpg
 Vetoquinol Uropet para Pero y Gato - 120 gr,11.40 €,https://www.petsonic.com/15729-medium_default/uropet-para-pero-gato.jpg
 Urano Vet U*vita Malta para Gato - 50 Gr.,9.17 €,https://www.petsonic.com/15679-medium_default/u-vita-malta-para-gato.jpg
 Vetoquinol Ipakitine para Perro y Gato - 60 Gr.,16.65 €,https://www.petsonic.com/15726-medium_default/ipakitine-para-perro-gato.jpg
 Vetoquinol Ipakitine para Perro y Gato - 180 Gr,33.97 €,https://www.petsonic.com/15726-medium_default/ipakitine-para-perro-gato.jpg
 Vetoquinol Ipakitine para Perro y Gato - 300 Gr.,48.04 €,https://www.petsonic.com/15726-medium_default/ipakitine-para-perro-gato.jpg
 Urano Vet Vexoderm Apositos Cicatrizantes para Perro y Gato - 9x4 cm,21.63 €,https://www.petsonic.com/15673-medium_default/vexoderm-apositos-cicatrizantes-para-perro-gato.jpg
 Urano Vet Vexoderm Apositos Cicatrizantes para Perro y Gato - 10x7 cm,28.56 €,https://www.petsonic.com/15673-medium_default/vexoderm-apositos-cicatrizantes-para-perro-gato.jpg
 Stangest MSM para Perro y Gato - 60 Comprimidos,17.48 €,https://www.petsonic.com/15662-medium_default/msm-para-perro-gato.jpg
 vetplus Calmex para Gato - 60 ml,15.39 €,https://www.petsonic.com/15733-medium_default/calmex-para-gato.jpg
 Feliway Pack Recambio Feliway Friends - 3 Unidades.,44.99 €,https://www.petsonic.com/15288-medium_default/pack-recambio-feliway-friends.jpg
 Elactil champu piodermas para perros y gatos - 250 ml,10.40 €,https://www.petsonic.com/24848-medium_default/elactil-champu-piodermas-para-perros-y-gatos.jpghttps://www.petsonic.com/24849-medium_default/elactil-champu-piodermas-para-perros-y-gatos.jpghttps://www.petsonic.com/24850-medium_default/elactil-champu-piodermas-para-perros-y-gatos.jpg
 vetplus Lypex para Perro y Gato - 60 ,52.96 €,https://www.petsonic.com/15744-medium_default/lypex-para-perro-gato.jpghttps://www.petsonic.com/25888-medium_default/lypex-para-perro-gato.jpg
 Ado Film gel cicatrizante para perros y gatos - 60 Gr.,8.08 €,https://www.petsonic.com/24786-medium_default/ado-film-gel-cicatrizante-para-perros-y-gatos.jpghttps://www.petsonic.com/24787-medium_default/ado-film-gel-cicatrizante-para-perros-y-gatos.jpghttps://www.petsonic.com/24788-medium_default/ado-film-gel-cicatrizante-para-perros-y-gatos.jpg
 Fatro Stomodine Pasta Oral para Perro y Gato - 30 ml,17.55 €,https://www.petsonic.com/15101-medium_default/stomodine-pasta-oral-para-perro-gato.jpg
 JT- Vitamina K1 Forte suplemento multivitamínico para perros y gatos con problemas de coagulación - 60,35.67 €,https://www.petsonic.com/25083-medium_default/jt-vitamina-k1-forte-suplemento-multivitaminico-para-perros-y-gatos-con-problemas-de-coagulacion.jpg
 vetplus Samylin para Perros Pequeños y Gato - 30 Comprimidos,30.78 €,https://www.petsonic.com/28890-medium_default/samylin-para-perros-pequenos.jpg
 Hilfarmax Omniotic limpieza de oídos para perros gatos y conejos. - 120 ml,11.44 €,https://www.petsonic.com/24882-medium_default/hilfarmax-omniotic-limpieza-de-oidos-para-perros-gatos-y-conejos.jpghttps://www.petsonic.com/24883-medium_default/hilfarmax-omniotic-limpieza-de-oidos-para-perros-gatos-y-conejos.jpghttps://www.petsonic.com/24884-medium_default/hilfarmax-omniotic-limpieza-de-oidos-para-perros-gatos-y-conejos.jpg
 Hilfarmax Omniotic limpieza de oídos para perros gatos y conejos. - 20 x 5 ml,13.35 €,https://www.petsonic.com/24882-medium_default/hilfarmax-omniotic-limpieza-de-oidos-para-perros-gatos-y-conejos.jpghttps://www.petsonic.com/24883-medium_default/hilfarmax-omniotic-limpieza-de-oidos-para-perros-gatos-y-conejos.jpghttps://www.petsonic.com/24884-medium_default/hilfarmax-omniotic-limpieza-de-oidos-para-perros-gatos-y-conejos.jpg
 Kalmaid control de miedo y stress para perros y gatos (250 mls) - 250 ml,11.22 €,https://www.petsonic.com/24855-medium_default/kalmaid-control-de-miedo-y-stress-para-perros-y-gatos-250-mls.jpghttps://www.petsonic.com/24856-medium_default/kalmaid-control-de-miedo-y-stress-para-perros-y-gatos-250-mls.jpghttps://www.petsonic.com/24857-medium_default/kalmaid-control-de-miedo-y-stress-para-perros-y-gatos-250-mls.jpghttps://www.petsonic.com/24858-medium_default/kalmaid-control-de-miedo-y-stress-para-perros-y-gatos-250-mls.jpg
 Stangest Gingivet para Perro y Gato - 60 Comprimidos,16.78 €,https://www.petsonic.com/15658-medium_default/gingivet-para-perro-gato.jpg
 JT- Tears-Off alimento complementario para perros y gatos para problemas oculares y lagrimales - 60,39.78 €,https://www.petsonic.com/25084-medium_default/jt-tears-off-alimento-complementario-para-perros-y-gatos-para-problemas-oculares-y-lagrimales.jpghttps://www.petsonic.com/25085-medium_default/jt-tears-off-alimento-complementario-para-perros-y-gatos-para-problemas-oculares-y-lagrimales.jpg
 JT- Hypoclorine Skin care spray para piel y heridas en perros gatos y pequeños mamíferos - 0.150 L,20.16 €,https://www.petsonic.com/25086-medium_default/jt-hypoclorine-skin-care-spray-para-piel-y-heridas-en-perros-gatos-y-pequenos-mamiferos.jpg
 JT- Hypoclorine Skin care spray para piel y heridas en perros gatos y pequeños mamíferos - 0.500 L,39.35 €,https://www.petsonic.com/25086-medium_default/jt-hypoclorine-skin-care-spray-para-piel-y-heridas-en-perros-gatos-y-pequenos-mamiferos.jpg
 JT- Hypoclorine Skin care spray hidrogel para piel y heridas en perros gatos y pequeños mamíferos - 0.150 L,20.16 €,https://www.petsonic.com/25087-medium_default/jt-hypoclorine-skin-care-gel-para-piel-y-heridas-en-perros-gatos-y-pequenos-mamiferos.jpg
 JT- Hypoclorine Skin care spray hidrogel para piel y heridas en perros gatos y pequeños mamíferos - 0.500 L,39.35 €,https://www.petsonic.com/25087-medium_default/jt-hypoclorine-skin-care-gel-para-piel-y-heridas-en-perros-gatos-y-pequenos-mamiferos.jpg
 K-Omega 369 complemento dietético de ácidos grasos - 30,12.95 €,https://www.petsonic.com/25096-medium_default/k-omega-369-complemento-dietetico-de-acidos-grasos.jpghttps://www.petsonic.com/25097-medium_default/k-omega-369-complemento-dietetico-de-acidos-grasos.jpg
 Direne suplemento para insuficiencia renal perros y gatos - 32,23.41 €,https://www.petsonic.com/25121-medium_default/direne-spulemento-para-insuficiencia-renal-perros-y-gatos.jpghttps://www.petsonic.com/25122-medium_default/direne-spulemento-para-insuficiencia-renal-perros-y-gatos.jpghttps://www.petsonic.com/25123-medium_default/direne-spulemento-para-insuficiencia-renal-perros-y-gatos.jpg
 Multiva Breath control. Salud bucodental para perros. - 45 Comprimidos,15.95 €,https://www.petsonic.com/25231-medium_default/multiva-breath-control-salud-bucodental-para-perros.jpg
 Fatro Otoact Limpiador Ocular para Perro y Gato - 100 ml,16.49 €,https://www.petsonic.com/15096-medium_default/otoact-limpiador-ocular-para-perro-gato.jpg
 Kerato Loción hidratante para perros - 200 ml,16.50 €,https://www.petsonic.com/25141-medium_default/kerato-locion-hidratante-para-perros.jpg
 JT- Hypoclorine Farm spray con efecto antimicrobiano para todos los animales - 540 ml - Hidrogel,38.26 €,https://www.petsonic.com/25090-medium_default/jt-hypoclorine-farm-spray-con-efecto-antimicrobiano-para-todos-los-animales.jpg
 JT- Hypoclorine Farm spray con efecto antimicrobiano para todos los animales - 540 ml,39.35 €,https://www.petsonic.com/25090-medium_default/jt-hypoclorine-farm-spray-con-efecto-antimicrobiano-para-todos-los-animales.jpg
 Parvulyte Suplemento nutricional prevencio de la parvovirosis - 60 Gr.,15.89 €,https://www.petsonic.com/25124-medium_default/parvulyte-suplemento-nutricional-prevencio-de-la-parvoriosis.jpg
" Movejoint Hifarmax, suplemento vitamínico para perros con problemas de articulaciones - 120",39.07 €,https://www.petsonic.com/25113-medium_default/movejoint-hifarmax-suplemento-vitaminico-para-perros-con-problemas-de-articulaciones.jpg
 JTPharma Dental Pharma para Perro y Gato - 50 Gr.,17.96 €,https://www.petsonic.com/15544-medium_default/dental-pharma-para-perro-gato.jpg
 Bioiberica Prolivet Protector hepatico 30 comprimidos - Perro y gato,23.95 €,https://www.petsonic.com/28878-medium_default/prolivet-protector-hepatico-para-perros-gatos.jpghttps://www.petsonic.com/28875-medium_default/prolivet-protector-hepatico-para-perros-gatos.jpghttps://www.petsonic.com/28876-medium_default/prolivet-protector-hepatico-para-perros-gatos.jpg
 Bioiberica Prolivet Protector hepatico 30 comprimidos - Perro Mediano,31.96 €,https://www.petsonic.com/28878-medium_default/prolivet-protector-hepatico-para-perros-gatos.jpghttps://www.petsonic.com/28875-medium_default/prolivet-protector-hepatico-para-perros-gatos.jpghttps://www.petsonic.com/28876-medium_default/prolivet-protector-hepatico-para-perros-gatos.jpg
 Bioiberica Prolivet Protector hepatico 30 comprimidos - Perro Grande,43.95 €,https://www.petsonic.com/28878-medium_default/prolivet-protector-hepatico-para-perros-gatos.jpghttps://www.petsonic.com/28875-medium_default/prolivet-protector-hepatico-para-perros-gatos.jpghttps://www.petsonic.com/28876-medium_default/prolivet-protector-hepatico-para-perros-gatos.jpg
 Dermoscent Atop7 Champu para perros y gatos - 200 ml,13.46 €,https://www.petsonic.com/25146-medium_default/dermoscent-atop7-champu-para-perros-y-gatos.jpg
 Dermoscent Pyoclean Champu perros y gatos - 200 ml,13.07 €,https://www.petsonic.com/25119-medium_default/dermoscent-pyoclean-champu-perros-y-gatos.jpg
 Multiva Odor Control. Para los malos olores en gatos - 30 Comprimidos,10.50 €,https://www.petsonic.com/25232-medium_default/multiva-odor-control-para-los-malos-olores-en-gatos.jpg
 Samylin SOBRES protector hepático. Promueve la salud del higado - 30 Sobres,48.27 €,https://www.petsonic.com/24789-medium_default/samylin-complemento-nutricional-para-perros-y-gatos-30-sobres-3-formatos.jpghttps://www.petsonic.com/24790-medium_default/samylin-complemento-nutricional-para-perros-y-gatos-30-sobres-3-formatos.jpghttps://www.petsonic.com/24791-medium_default/samylin-complemento-nutricional-para-perros-y-gatos-30-sobres-3-formatos.jpg
 Crema dermatológica con extracto de Granada para perros. - 50 ml,11.95 €,https://www.petsonic.com/25138-medium_default/crema-dermatologica-con-extracto-de-granada-para-perros.jpg
 Leticaderm loción para perros con pieles atopicas - 200 ml,19.95 €,https://www.petsonic.com/25143-medium_default/leticaderm-locion-para-perros-con-pieles-atopicas.jpg
 CleanDermal para perros y gatos (Antiguo Antisept) - 0.100 L,7.64 €,https://www.petsonic.com/25112-medium_default/cleandermal-para-perros-y-gatos-antiguo-antisept.jpg
 JT- Hypoclorine Ear care spray para oídos para perros gatos y pájaros - 0.150 L,20.16 €,https://www.petsonic.com/25088-medium_default/jt-hypoclorine-ear-care-spray-para-oidos-para-perros-gatos-y-pajaros.jpg
 Dermocanis Dermocare Espuma Seca champú para perros y gatos - 250 ml,13.64 €,https://www.petsonic.com/25111-medium_default/dermocanis-dermocare-espuma-seca-champu-para-perros-y-gatos.jpg
 Feliway Pack Recambio Feliway Clasic - 3 Unidades.,46.79 €,https://www.petsonic.com/15287-medium_default/pack-recambio-feliway-clasic.jpg
 Hifarmax Omnimatrix espuma cicatrizante para perros y gatos - 250 ml,48.27 €,https://www.petsonic.com/20612-medium_default/omnimatrix-espuma-cicatrizante-para-perros-gatos.jpghttps://www.petsonic.com/20613-medium_default/omnimatrix-espuma-cicatrizante-para-perros-gatos.jpg
 Dermocanis Sebocare champú para perros - 250 ml,13.64 €,https://www.petsonic.com/25110-medium_default/dermocanis-sebocare-champu-para-perros.jpg
 Kerato Balm Bálsamo reparador para perros - 50 ml,15.95 €,https://www.petsonic.com/25142-medium_default/kerato-balm-balsamo-reparador-para-perros.jpg
 Silycure Protector hepatico perros y gatos - 60 Comprimidos - 40 mg,23.91 €,https://www.petsonic.com/25126-medium_default/silycure-protector-hepatico-perros-y-gatos.jpghttps://www.petsonic.com/25127-medium_default/silycure-protector-hepatico-perros-y-gatos.jpghttps://www.petsonic.com/25128-medium_default/silycure-protector-hepatico-perros-y-gatos.jpghttps://www.petsonic.com/25129-medium_default/silycure-protector-hepatico-perros-y-gatos.jpg
 Silycure Protector hepatico perros y gatos - 30 Comprimidos - 160 mg,35.14 €,https://www.petsonic.com/25126-medium_default/silycure-protector-hepatico-perros-y-gatos.jpghttps://www.petsonic.com/25127-medium_default/silycure-protector-hepatico-perros-y-gatos.jpghttps://www.petsonic.com/25128-medium_default/silycure-protector-hepatico-perros-y-gatos.jpghttps://www.petsonic.com/25129-medium_default/silycure-protector-hepatico-perros-y-gatos.jpg
 JT- Derm Pharma Alimento complementario para para perros y gatos - 60,17.75 €,https://www.petsonic.com/25091-medium_default/jt-derm-pharma-alimento-complementario-para-para-perros-y-gatos.jpghttps://www.petsonic.com/25092-medium_default/jt-derm-pharma-alimento-complementario-para-para-perros-y-gatos.jpg
